,Rank,Youtube Channel,Subscribers,Video Views,Video Count,Category,Started
0,1,T-Series,234000000,212900271553,18515,Music,2006-01-01
2,3,Cocomelon - Nursery Rhymes,152000000,149084178448,846,Education,2006-01-01
3,4,SET India,150000000,137828094104,103200,Shows,2006-01-01
4,5,MrBeast,128000000,21549128785,733,Entertainment,2012-01-01
6,7,PewDiePie,111000000,28851883250,4694,Gaming,2010-01-01
7,8,✿ Kids Diana Show,106000000,86638570921,1056,People & Blogs,2015-01-01
8,9,Like Nastya,104000000,87202935675,754,People & Blogs,2016-01-01
10,11,WWE,92800000,73577695222,66174,Sports,2007-01-01
11,12,Vlad and Niki,92700000,72444118381,520,Entertainment,2018-01-01
12,13,Zee Music Company,91600000,53352597784,7530,Music,2014-01-01
13,14,BLACKPINK,83900000,28723286185,468,People & Blogs,2016-01-01
14,15,Goldmines,81200000,21296568609,5090,Film & Animation,2012-01-01
15,16,5-Minute Crafts,78500000,24983430208,5937,Howto & Style,2016-01-01
16,17,Sony SAB,76400000,91117292875,63390,Shows,2007-01-01
18,19,BANGTANTV,73100000,19240057894,2090,Music,2012-01-01
19,20,Justin Bieber,70800000,29598652357,249,Music,2007-01-01
20,21,HYBE LABELS,69600000,25947702825,1070,Music,2008-01-01
21,22,Canal KondZilla,66300000,37179407050,2383,Music,2012-01-01
22,23,Zee TV,65400000,31291572708,80178,Entertainment,2005-01-01
23,24,Pinkfong Baby Shark - Kids' Songs & Stories,64600000,35934421688,2599,Education,2011-01-01
24,25,Shemaroo Filmi Gaane,63500000,29992048346,8464,Music,2010-01-01
25,26,ChuChu TV Nursery Rhymes & Kids Songs,61100000,41904239949,531,Education,2013-01-01
26,27,Colors TV,59300000,57825649653,102403,Shows,2008-01-01
27,28,Dude Perfect,58600000,15294226020,364,Sports,2009-01-01
28,29,Movieclips,58500000,59493925856,39921,Film & Animation,2006-01-01
29,30,T-Series Bhakti Sagar,57300000,27004807684,24900,Music,2011-01-01
30,31,Tips Official,56300000,30741513673,4102,Music,2007-01-01
31,32,Marshmello,56100000,14014958483,405,Entertainment,2015-01-01
32,33,Wave Music,55700000,38819471815,18970,Music,2014-01-01
33,34,Sony Music India,55400000,27179277627,3380,Music,2009-01-01
34,35,Aaj Tak,55300000,22725789132,233730,News & Politics,2009-01-01
35,36,EminemMusic,55000000,25334375101,140,Music,2007-01-01
36,37,El Reino Infantil,55000000,53458257145,1410,Music,2011-01-01
37,38,Ed Sheeran,52800000,29004663326,258,Music,2006-01-01
38,39,LooLoo Kids - Nursery Rhymes and Children's Songs,52300000,30857986532,607,Music,2014-01-01
39,40,Ariana Grande,52200000,23058776245,146,Music,2007-01-01
40,41,YRF,51000000,32068851747,3475,Film & Animation,2006-01-01
41,42,Taylor Swift,50700000,27714189976,204,Music,2006-01-01
42,43,BillionSurpriseToys - English Kids Songs & Cartoon,49700000,8662901485,637,Education,2013-01-01
43,44,Infobells - Hindi,48400000,27621598218,514,Education,2014-01-01
44,45,Billie Eilish,47300000,12810775364,51,Music,2013-01-01
45,46,JuegaGerman,47000000,14143277535,2017,Gaming,2013-01-01
46,47,Badabun,46300000,19053487396,16726,Entertainment,2014-01-01
47,48,Fernanfloo,45600000,10146422791,542,Gaming,2011-01-01
48,49,Bad Bunny,45100000,28114460507,127,Music,2014-01-01
49,50,Felipe Neto,44800000,16043230315,3977,Entertainment,2006-01-01
50,51,SonyMusicIndiaVEVO,44800000,25915043211,3366,Music,2009-01-01
51,52,BRIGHT SIDE,44300000,10430931571,5173,Howto & Style,2017-01-01
52,53,Get Movies,44200000,29251998725,3160,Entertainment,2006-01-01
53,54,Você Sabia?,44100000,7597909400,1444,Entertainment,2013-01-01
54,55,whinderssonnunes,44000000,4179250874,524,Comedy,2013-01-01
55,56,Shemaroo,44000000,22419193201,10697,Entertainment,2007-01-01
56,57,A4,43900000,19946220349,709,Gaming,2014-01-01
57,58,Katy Perry,43800000,24676643547,120,Music,2008-01-01
58,59,HolaSoyGerman.,43400000,4782790153,136,Entertainment,2011-01-01
59,60,Alan Walker,42800000,12266013874,364,Music,2012-01-01
60,61,Voot Kids,42300000,19620244169,3923,Entertainment,2016-01-01
61,62,Like Nastya Show,42100000,19124111758,606,Entertainment,2017-01-01
62,63,ABS-CBN Entertainment,42100000,48815821642,185775,People & Blogs,2008-01-01
63,64,Speed Records,41800000,25752372644,10608,Music,2012-01-01
64,65,Rihanna,40900000,21169959746,82,Entertainment,2005-01-01
65,66,Маша и Медведь,40900000,34577807066,1281,Film & Animation,2011-01-01
66,67,Little Baby Bum - Nursery Rhymes & Kids Songs,40600000,38573516896,2245,Education,2011-01-01
67,68,elrubiusOMG,40400000,7581423100,711,Gaming,2011-01-01
68,69,Shakira,40100000,25428049775,307,People & Blogs,2005-01-01
69,70,Luisito Comunica,39800000,8160328364,1194,Comedy,2012-01-01
70,71,Ishtar Music,39500000,16198667693,4582,Trailers,2005-01-01
71,72,Kimberly Loaiza,39500000,4939734902,250,People & Blogs,2016-01-01
72,73,LUCCAS NETO - LUCCAS TOON,38700000,21415852275,1985,People & Blogs,2014-01-01
73,74,ARY Digital HD,38600000,32383019054,88409,Entertainment,2016-01-01
74,75,Masha and The Bear,38500000,21850302761,1035,Shows,2014-01-01
75,76,XXXTENTACION,38400000,10134205288,129,Music,2015-01-01
76,77,GR6 EXPLODE,38400000,24701070352,4134,Music,2014-01-01
77,78,Toys and Colors,38400000,44190624959,905,Entertainment,2016-01-01
78,79,TheEllenShow,38300000,22535632362,14993,Entertainment,2006-01-01
79,80,WorkpointOfficial,38100000,36234268240,69696,Entertainment,2012-01-01
80,81,One Direction,37800000,13125170526,157,Music,2010-01-01
81,82,CarryMinati,37600000,3110725449,180,Comedy,2014-01-01
82,83,Daddy Yankee,37500000,21667615457,471,Music,2011-01-01
83,84,shfa2 - شفا,37400000,22249785330,1468,People & Blogs,2017-01-01
84,85,Super Simple Songs - Kids Songs,37400000,40905820903,647,Education,2006-01-01
85,86,TEDx Talks,37300000,7025367828,191506,Nonprofits & Activism,2009-01-01
86,87,shfa,37000000,20196597873,920,People & Blogs,2015-01-01
87,88,Jkk Entertainment,36700000,15892449076,207,Comedy,2017-01-01
88,89,HAR PAL GEO,36700000,32307389493,80499,Entertainment,2008-01-01
89,90,Mikecrack,36600000,14997302673,1811,Gaming,2015-01-01
90,91,Maroon 5,36400000,21651521761,163,Music,2006-01-01
92,93,Goldmines Gaane Sune Ansune,36300000,15500577270,3406,Music,2015-01-01
93,94,Bruno Mars,36100000,18369812498,99,Music,2006-01-01
94,95,ช่อง one31,36000000,26380324996,104458,Entertainment,2013-01-01
95,96,Like Nastya ESP,35900000,17250777103,691,Entertainment,2017-01-01
96,97,Ozuna,35800000,22255148830,162,Music,2016-01-01
97,98,Maria Clara & JP,35500000,22536784457,693,People & Blogs,2015-01-01
98,99,Sony PAL,35300000,25906208404,21627,Shows,2014-01-01
99,100,YouTube,35200000,2980922779,620,News & Politics,1970-01-01
100,101,Ultra Bollywood,35200000,16071519784,9424,Trailers,2009-01-01
101,102,ABP NEWS,35100000,11605665353,253628,People & Blogs,2012-01-01
102,103,Total Gaming,34300000,5297672072,1137,Gaming,2018-01-01
103,104,Markiplier,34300000,19491886710,5392,Gaming,2012-01-01
104,105,Ryan's World,34200000,53646314889,2294,Entertainment,2015-01-01
105,106,J Balvin,33900000,22257560882,134,Music,2011-01-01
107,108,Geet MP3,33700000,12205382034,614,Music,2016-01-01
108,109,Desi Music Factory,33600000,9909079287,129,Music,2014-01-01
109,110,IndiaTV,33600000,14728724777,254217,News & Politics,2006-01-01
110,111,T-Series Apna Punjab,33600000,20004653117,7169,Music,2011-01-01
111,112,La Granja de Zenón,33600000,24784972963,604,Music,2013-01-01
112,113,VEGETTA777,33600000,15182606203,7322,Gaming,2008-01-01
113,114,SSSniperWolf,33200000,22265406473,3200,Gaming,2013-01-01
114,115,NoCopyrightSounds,33100000,10843342435,1205,Music,2011-01-01
115,116,KHANDESHI MOVIES,33000000,11114815843,203,Comedy,2013-01-01
116,117,Bollywood Classics,32800000,20441345965,1959,Music,2012-01-01
117,118,PowerKids TV,32800000,16678003928,3818,Film & Animation,2014-01-01
118,119,Ch3Thailand,32500000,20928776913,73637,Entertainment,2014-01-01
119,120,Galinha Pintadinha,32300000,24453480427,65,Film & Animation,2006-01-01
120,121,Selena Gomez,32200000,12212768270,188,Film & Animation,2008-01-01
121,122,Eros Now Music,32000000,17279122597,9863,Entertainment,2007-01-01
122,123,Saregama Music,32000000,13568878190,6652,Entertainment,2013-01-01
123,124,Rajshri,31900000,13965458068,3761,Music,2006-01-01
124,125,GENIAL,31700000,6578128540,5957,Howto & Style,2017-01-01
125,126,CVS 3D Rhymes & Kids Songs,31700000,19319626738,338,Education,2008-01-01
126,127,JustinBieberVEVO,31700000,25955745056,204,Music,2009-01-01
127,128,Mr Bean,31500000,10219405165,2847,Shows,2006-01-01
128,129,rezendeevil,31500000,12837585247,11757,Gaming,2012-01-01
129,130,SMTOWN,31400000,26267502068,4059,Music,2006-01-01
130,131,DisneyMusicVEVO,31400000,26620144607,1922,Music,2010-01-01
131,132,BabyBus - Kids Songs and Cartoons,31300000,25291836510,1953,Education,2016-01-01
132,133,Dream,31300000,2836785859,112,Gaming,2014-01-01
133,134,Techno Gamerz,31200000,8412805750,896,Gaming,2017-01-01
134,135,Luis Fonsi,31200000,14805801427,137,Entertainment,2014-01-01
135,136,Genevieve's Playhouse - Learning Videos for Kids,31100000,22122295687,590,Education,2016-01-01
136,137,Ricis Official,30800000,5641597942,2335,People & Blogs,2016-01-01
137,138,MrBeast Gaming,30800000,5426458352,138,Gaming,2020-01-01
138,139,The Weeknd,30800000,21097791955,130,Music,2011-01-01
139,140,Jingle Toons,30700000,10348265538,233,Film & Animation,2013-01-01
140,141,The Tonight Show Starring Jimmy Fallon,30600000,16697658353,8467,Comedy,2006-01-01
141,142,Trap Nation,30500000,13769164702,2601,Music,2012-01-01
142,143,Worldwide Records Bhojpuri,30300000,15543812678,6208,Music,2012-01-01
143,144,AH,30100000,4140958197,1981,Entertainment,2014-01-01
144,145,Peppa Pig - Official Channel,30000000,21914217722,2575,Film & Animation,2013-01-01
145,146,Boram Tube Vlog [보람튜브 브이로그],29900000,13320447980,223,Entertainment,2012-01-01
146,147,Wow Kidz,29900000,15906054081,3825,Film & Animation,2015-01-01
147,148,Spinnin' Records,29900000,20651821146,11048,Music,2007-01-01
148,149,ImagineDragons,29800000,15573184914,87,Music,2009-01-01
149,150,MR. INDIAN HACKER,29800000,5170819584,874,Science & Technology,2012-01-01
150,151,Shawn Mendes,29800000,12272383543,132,Music,2011-01-01
151,152,DONA 도나,29700000,19514803427,163,Entertainment,2018-01-01
152,153,GMANetwork,29600000,27835242571,125735,Entertainment,2006-01-01
153,154,Adele,29500000,13365050446,15,Music,2008-01-01
155,156,قناة طيور الجنة | toyoraljanahtv,29200000,26743403629,3175,Entertainment,2008-01-01
156,157,AuronPlay,29200000,4021381165,404,Comedy,2006-01-01
157,158,Little Angel: Nursery Rhymes & Kids Songs,29200000,21402553443,1213,Education,2015-01-01
158,159,Talking Tom,29100000,14517628994,469,Comedy,2010-01-01
159,160,Ultra Records,29100000,16694586833,4750,Music,2006-01-01
160,161,Maluma,29000000,20398752778,21,Music,2018-01-01
161,162,Round2hell,29000000,2955667345,66,Comedy,2016-01-01
162,163,ashish chanchlani vines,29000000,4207027768,147,Comedy,2009-01-01
163,164,jacksepticeye,29000000,15857360480,5046,Gaming,2007-01-01
164,165,KAROL G,28900000,15671695419,124,Music,2013-01-01
165,166,Zee News,28700000,14547067456,160005,News & Politics,2007-01-01
167,168,Lucas and Marcus,28600000,9575572393,1076,Entertainment,2011-01-01
168,169,TheDonato,28400000,5588992559,2755,Entertainment,2015-01-01
169,170,The Late Late Show with James Corden,28000000,10200658256,5695,Entertainment,2006-01-01
170,171,AboFlah,27700000,3963824628,593,Gaming,2016-01-01
171,172,infobells - Tamil,27600000,17027319292,495,Education,2014-01-01
172,173,Drake,27500000,14112271569,59,Music,2009-01-01
173,174,Aditya Music,27400000,24229379040,20757,Music,2008-01-01
174,175,Bounce Patrol - Kids Songs,27300000,19996346479,229,Music,2013-01-01
175,176,Michael Jackson,27100000,13475088420,15,Music,2005-01-01
176,177,Wiz Khalifa,27000000,12956392794,623,Music,2008-01-01
177,178,Sandeep Maheshwari,26900000,2166469190,562,People & Blogs,2012-01-01
178,179,infobells - Telugu,26900000,13913156831,449,Education,2014-01-01
179,180,A.O.D,26900000,15715787972,2474,Entertainment,2014-01-01
180,181,enchufetv,26600000,10223966037,1056,Comedy,2011-01-01
181,182,toycantando,26500000,14667362261,531,Music,2009-01-01
182,183,Aditya Movies,26400000,8932231692,4719,Movies,2012-01-01
183,184,JYP Entertainment,26300000,18505316594,1599,Music,2008-01-01
184,185,DanTDM,26300000,18960251968,3638,Gaming,2012-01-01
185,186,Nick Jr.,26300000,21511413683,5079,Film & Animation,2012-01-01
186,187,Goldmines Dishoom,26300000,7870463275,3364,Film & Animation,2016-01-01
187,188,WORLDSTARHIPHOP,26200000,19899129709,6708,Music,2008-01-01
188,189,Renato Garcia YT,26200000,7380286067,3625,Entertainment,2011-01-01
189,190,Jess No Limit,25900000,3225286925,2009,Entertainment,2017-01-01
190,191,Masha y el Oso,25900000,12088612689,936,Film & Animation,2016-01-01
191,192,BB Ki Vines,25800000,4551592957,188,Entertainment,2015-01-01
192,193,VanossGaming,25800000,15227182993,1668,Gaming,2011-01-01
193,194,1MILLION Dance Studio,25800000,7639482143,4876,Entertainment,2015-01-01
194,195,Netflix,25700000,6483549335,6144,Entertainment,2012-01-01
195,196,Shemaroo Movies,25700000,6694749616,2666,Entertainment,2011-01-01
196,197,TaylorSwiftVEVO,25700000,24334160208,261,Music,2009-01-01
197,198,LosPolinesios,25600000,7284096508,941,People & Blogs,2012-01-01
198,199,Crazy XYZ,25500000,6909579235,1183,Entertainment,2017-01-01
199,200,Raffy Tulfo in Action,25500000,14090642521,9363,News & Politics,2016-01-01
200,201,Beyoncé,25500000,16545952051,234,Music,2005-01-01
201,202,Marília Mendonça,25500000,17583869743,120,Music,2013-01-01
202,203,Enaldinho,25500000,9600028596,3275,Comedy,2012-01-01
203,204,RihannaVEVO,25200000,18711981509,118,Music,2009-01-01
204,205,StarPlus,25200000,18007460762,26205,Entertainment,2006-01-01
205,206,Nicki Minaj,25100000,9814393443,39,Music,2013-01-01
206,207,Las Ratitas,25000000,9416242649,221,People & Blogs,2015-01-01
207,208,Smosh,25000000,10274551358,1459,Comedy,2005-01-01
208,209,David Guetta,25000000,16789646111,702,Music,2009-01-01
209,210,HUM TV,24900000,20138982531,85520,Entertainment,2011-01-01
210,211,WatchMojo.com,24900000,16036594903,23571,Music,2007-01-01
211,212,ZHC,24900000,2432186480,305,Film & Animation,2013-01-01
212,213,Yuya,24900000,2586211373,672,Howto & Style,2009-01-01
213,214,EminemVEVO,24800000,19618787988,104,Music,2009-01-01
214,215,Post Malone,24800000,13400799639,64,Music,2011-01-01
215,216,KatyPerryVEVO,24700000,23193121362,173,Music,2009-01-01
216,217,Rans Entertainment,24700000,6067761738,3371,People & Blogs,2015-01-01
217,218,Chris Brown,24500000,14634573956,23,Music,2006-01-01
218,219,Brent Rivera,24500000,5659381804,516,Comedy,2009-01-01
221,222,Coldplay,24400000,16151404605,364,Music,2010-01-01
222,223,Goldmines Bollywood,24400000,7881575502,3097,Film & Animation,2015-01-01
223,224,1theK (원더케이),24400000,23263234592,17735,Music,2011-01-01
224,225,TRANS7 OFFICIAL,24300000,13336947331,83527,Entertainment,2014-01-01
225,226,Chloe Ting,24300000,2855477471,386,Howto & Style,2011-01-01
226,227,Amit Bhadana,24300000,2318923728,97,Entertainment,2012-01-01
227,228,★ Kids Roma Show,24100000,8539357204,613,People & Blogs,2015-01-01
228,229,Collins Key,24000000,6514271600,254,Entertainment,2011-01-01
229,230,KSI,24000000,5957939168,1248,Entertainment,2009-01-01
230,231,DJ Snake,23900000,8039306948,217,Music,2008-01-01
231,232,ABPLIVE,23900000,7231058050,162144,People & Blogs,2017-01-01
232,233,Ninja,23800000,2487798349,1525,Gaming,2011-01-01
233,234,The Lallantop,23800000,9069403398,44355,News & Politics,2015-01-01
234,235,James Charles,23800000,3801089461,444,Entertainment,2015-01-01
235,236,WB Kids,23700000,10175012401,1871,People & Blogs,2015-01-01
236,237,Anuel AA,23600000,13022229032,135,Music,2016-01-01
237,238,Logan Paul,23600000,5941251199,714,Entertainment,2015-01-01
238,239,netd müzik,23500000,53386751228,21930,Music,2014-01-01
239,240,Frost Diamond,23500000,5920064550,2421,Gaming,2014-01-01
240,241,Like Nastya AE,23400000,11843614429,636,Entertainment,2018-01-01
241,242,Enrique Iglesias,23400000,16999907105,434,Music,2007-01-01
242,243,Happy Lives,23400000,10103932216,550,Science & Technology,2016-01-01
243,244,MrBeast en Español,23400000,2959484997,87,Entertainment,2021-01-01
244,245,NickyJamTV,23400000,15433153908,358,Music,2012-01-01
245,246,Mister Max,23400000,15188885182,1072,People & Blogs,2014-01-01
246,247,Troom Troom,23400000,10001222206,2120,Howto & Style,2015-01-01
247,248,Mark Rober,23300000,3214411985,108,Science & Technology,2011-01-01
248,249,Erlania e Valentina Pontes,23200000,7740625371,1234,Film & Animation,2014-01-01
249,250,Miss Katy,23200000,14256869917,1016,People & Blogs,2014-01-01
250,251,Jelly,23200000,14485790472,5861,Gaming,2014-01-01
251,252,Indosiar,23100000,11795485473,64565,Music,2013-01-01
252,253,America's Got Talent,23100000,4634400513,2960,Entertainment,2006-01-01
253,254,Sesame Street,23100000,21710473619,3542,Entertainment,2006-01-01
255,256,Venus Movies,22900000,6648113808,2499,Entertainment,2010-01-01
256,257,YOLO AVENTURAS,22800000,6140529899,1225,People & Blogs,2018-01-01
257,258,Pen Movies,22800000,6123652788,1646,Film & Animation,2014-01-01
258,259,Technical Guruji,22800000,3240574005,4812,Science & Technology,2015-01-01
259,260,Goldmines Movies,22800000,5166413550,4432,Film & Animation,2013-01-01
260,261,Peppa Pig Español Latino - Canal Oficial,22700000,7495214886,1118,Film & Animation,2014-01-01
261,262,FaZe Rug,22700000,6749344707,2077,Gaming,2012-01-01
262,263,DrossRotzank,22700000,5868977921,1545,Entertainment,2006-01-01
263,264,Zhong,22700000,13648354447,1283,Entertainment,2015-01-01
264,265,Lady Gaga,22600000,14745436214,172,People & Blogs,2008-01-01
265,266,GMM GRAMMY OFFICIAL,22600000,24839063221,14488,Music,2010-01-01
266,267,Preston,22600000,7505683763,3927,Gaming,2012-01-01
267,268,LankyBox,22600000,30317640439,6984,Comedy,2016-01-01
268,269,White Hill Music,22400000,10303170016,5300,Entertainment,2014-01-01
269,270,The Chainsmokers,22400000,13744471188,160,Music,2012-01-01
270,271,Smile Family,22400000,8499075726,451,People & Blogs,2018-01-01
271,272,TED,22400000,2457759405,4181,People & Blogs,2006-01-01
272,273,Juan De Dios Pantoja,22400000,1835511828,196,Entertainment,2014-01-01
273,274,mmoshaya,22300000,16972853327,1164,People & Blogs,2010-01-01
274,275,Wave Music Bhojpuri,22300000,12530155484,21963,Music,2014-01-01
275,276,Paulo Londra,22200000,7577333000,58,Music,2016-01-01
276,277,Sia,22200000,12789115698,168,Music,2007-01-01
277,278,BabyBus - Canciones Infantiles & Videos para Niños,22100000,12546008350,1087,Education,2018-01-01
278,279,Diana and Roma EN,22100000,6044449696,464,People & Blogs,2011-01-01
279,280,OneDirectionVEVO,21900000,11830132973,266,Music,2010-01-01
280,281,Like Nastya PRT,21900000,10979800678,589,Entertainment,2019-01-01
281,282,SSundee,21700000,12843659340,3194,Gaming,2009-01-01
282,283,Charlie Puth,21600000,9279930391,146,Music,2009-01-01
283,284,Ultra Movie Parlour,21600000,5274337335,1475,Movies,2011-01-01
284,285,Goldmines Cineplex,21500000,2098934903,2932,Film & Animation,2015-01-01
285,286,FGTeeV,21500000,23294730097,1661,Gaming,2013-01-01
286,287,Maya and Mary,21400000,6488980036,546,Entertainment,2013-01-01
287,288,Dua Lipa,21400000,10584082649,164,Music,2011-01-01
288,289,Dushyant kukreja,21400000,14105493980,735,Entertainment,2015-01-01
289,290,Beast Reacts,21300000,3212940190,230,People & Blogs,2016-01-01
290,291,Alan Becker,21200000,4743371214,135,Film & Animation,2006-01-01
291,292,Kids TV - Nursery Rhymes And Baby Songs,21200000,12481540293,3608,Shows,2013-01-01
292,293,NichLmao,21100000,11361253531,720,People & Blogs,2018-01-01
293,294,nigahiga,21100000,4370083736,403,Entertainment,2006-01-01
295,296,National Geographic,21100000,5429440644,10013,Science & Technology,2006-01-01
296,297,Disney Latinoamérica,21000000,19851368612,7956,Entertainment,2007-01-01
297,298,Tasty,21000000,5614408524,4461,Howto & Style,2016-01-01
298,299,toyorbabytv,21000000,14935005348,1092,Music,2012-01-01
299,300,Rotana,20900000,17847780290,8240,Music,2012-01-01
300,301,Becky G,20800000,10028384275,73,Music,2011-01-01
301,302,5-Minute Crafts DIY,20800000,4997658141,4478,Howto & Style,2018-01-01
302,303,Baim Paula,20800000,4345134335,2065,People & Blogs,2016-01-01
303,304,Sun TV,20700000,17384448140,45220,People & Blogs,2016-01-01
304,305,Kinder Spielzeug Kanal,20700000,10240499274,842,Entertainment,2015-01-01
305,306,Canal Canalha,20700000,1858850667,298,Comedy,2011-01-01
306,307,Tlnovelas,20600000,13931461109,34189,News & Politics,2013-01-01
307,308,Netflix India,20600000,6630097487,3126,People & Blogs,2016-01-01
308,309,Tekashi 6ix9ine,20600000,5505799443,25,People & Blogs,2018-01-01
309,310,Brave Wilderness,20600000,4798091763,966,Pets & Animals,2014-01-01
310,311,Vania Mania Kids,20500000,8599968109,906,People & Blogs,2015-01-01
311,312,Family GamesTV,20400000,7157996223,301,Entertainment,2016-01-01
312,313,Lyrical Lemonade,20400000,10103545946,413,Entertainment,2013-01-01
313,314,Dr. Vivek Bindra: Motivational Speaker,20400000,1597414298,782,Education,2013-01-01
314,315,Avicii,20400000,9857717474,149,Music,2009-01-01
315,316,Junya.じゅんや,20300000,12067861694,4001,Entertainment,2020-01-01
316,317,GMA Public Affairs,20300000,12775779195,41546,Entertainment,2009-01-01
318,319,Eva Bravo Play,20300000,8634660945,202,Entertainment,2019-01-01
319,320,LazarBeam,20300000,8589202733,1318,Gaming,2015-01-01
320,321,Jake Paul,20300000,7265786652,950,People & Blogs,2013-01-01
321,322,BuzzFeedVideo,20200000,17844881541,7477,People & Blogs,2011-01-01
322,323,Romeo Santos,20200000,16053917113,53,Music,2005-01-01
323,324,Alejo Igoa,20200000,8466520358,754,Comedy,2014-01-01
324,325,invictor,20200000,7815657879,2177,Gaming,2013-01-01
325,326,SlivkiShow,20200000,4530671605,446,Entertainment,2012-01-01
326,327,Totoy kids - Português,20200000,4196825167,240,Film & Animation,2014-01-01
327,328,5-Minute Crafts PLAY,20100000,5916449403,4934,Howto & Style,2017-01-01
328,329,AuthenticGames,20100000,8887964445,4799,Gaming,2011-01-01
329,330,Gulshan Kalra,20100000,9709536467,457,Howto & Style,2018-01-01
330,331,Mnet K-POP,20100000,13922559602,30622,Entertainment,2006-01-01
331,332,mujjuu___14,20000000,12720012557,730,People & Blogs,2020-01-01
332,333,Pencilmation,20000000,11094654170,1303,Film & Animation,2007-01-01
333,334,Skrillex,20000000,6438877934,191,Music,2010-01-01
334,335,Pentatonix,20000000,5939617823,253,Music,2011-01-01
335,336,Marvel Entertainment,20000000,5423946266,8257,Entertainment,2005-01-01
336,337,Infinite,20000000,4721367276,1563,Entertainment,2014-01-01
337,338,Vevo,20000000,554309174,1539,Music,2006-01-01
338,339,REACT,20000000,13034733249,4042,Entertainment,2007-01-01
339,340,HaerteTest,19900000,3184409704,1299,Science & Technology,2011-01-01
340,341,Kurzgesagt – In a Nutshell,19900000,2202583880,171,Education,2013-01-01
341,342,Got Talent Global,19900000,3575349122,2020,Entertainment,2013-01-01
342,343,Fatos Desconhecidos,19900000,3492581724,5703,Entertainment,2013-01-01
343,344,Khan GS Research Centre,19800000,1894638004,353,Education,2019-01-01
344,345,Noor Stars,19800000,2638222649,654,Comedy,2014-01-01
345,346,Dan Rhodes,19800000,14121021396,1541,Entertainment,2015-01-01
346,347,Tilak,19800000,7980058405,4929,Film & Animation,2020-01-01
347,348,The Royalty Family,19800000,5365814568,681,People & Blogs,2017-01-01
348,349,Deddy Corbuzier,19800000,4479493326,1229,Entertainment,2009-01-01
349,350,JennaMarbles,19800000,1784776380,250,Comedy,2010-01-01
350,351,Linkin Park,19700000,12435259143,593,Music,2006-01-01
351,352,Gusttavo Lima Oficial,19700000,12914685124,349,Music,2010-01-01
352,353,NBA,19700000,11509656903,44327,Sports,2005-01-01
353,354,Ninja Kidz TV,19700000,10043931480,279,Entertainment,2017-01-01
354,355,Robin Hood Gamer,19700000,9955629684,3889,Entertainment,2014-01-01
355,356,Gordon Ramsay,19700000,3746499230,1393,Entertainment,2006-01-01
356,357,Daniel LaBelle,19600000,10335248598,259,Comedy,2009-01-01
358,359,Village Cooking Channel,19500000,5091483300,219,Howto & Style,2018-01-01
359,360,BabyBus - Cerita & Lagu Anak-anak,19400000,11153601710,744,Education,2019-01-01
360,361,Troom Troom Es,19400000,7282536298,2715,People & Blogs,2016-01-01
361,362,shane,19400000,4299052383,569,People & Blogs,2005-01-01
362,363,Green Gold TV - Official Channel,19300000,9348596042,1159,Film & Animation,2011-01-01
363,364,Clash of Clans,19300000,3776148455,621,Gaming,2013-01-01
364,365,AS Gaming,19300000,2709808489,1149,Gaming,2016-01-01
365,366,JukiLop,19300000,1561914983,85,People & Blogs,2017-01-01
366,367,Sourav Joshi Vlogs,19200000,7641524111,1205,People & Blogs,2019-01-01
367,368,Rafa & Luiz,19200000,7026825607,2519,Entertainment,2015-01-01
368,369,DLS News,19200000,2103047927,4182,News & Politics,2017-01-01
369,370,TRT Originals Urdu,19200000,8094731450,881,Entertainment,2020-01-01
370,371,CookieSwirlC,19100000,22112969982,3660,Entertainment,2013-01-01
371,372,हिंदी - Genevieve's Playhouse,19100000,10298145297,100,Education,2018-01-01
373,374,Britain's Got Talent,19100000,10861607676,3882,Entertainment,2008-01-01
374,375,Jimmy Kimmel Live,19000000,12813467160,6355,Entertainment,2006-01-01
375,376,MiawAug,19000000,5636137133,3488,Gaming,2014-01-01
376,377,Crafty Panda,19000000,5746273984,689,People & Blogs,2017-01-01
377,378,Official Pink Panther,18900000,10387951650,673,Film & Animation,2013-01-01
378,379,SCTV,18900000,9298810737,49523,Entertainment,2011-01-01
379,380,Lil Nas X,18900000,6017123758,37,Music,2018-01-01
380,381,DUDU e CAROL,18900000,7666147546,2908,Autos & Vehicles,2013-01-01
381,382,Sonotek,18900000,7381208895,8222,Entertainment,2011-01-01
382,383,Sidhu Moose Wala,18700000,5223654445,112,Music,2017-01-01
383,384,Calvin Harris,18700000,15404239913,76,Music,2007-01-01
384,385,Cardi B,18700000,7357083297,60,People & Blogs,2016-01-01
385,386,ElTrollino,18700000,5821736442,1539,Entertainment,2013-01-01
386,387,TheOdd1sOut,18700000,4323487943,129,Comedy,2014-01-01
387,388,Emiway Bantai,18700000,3241027636,213,Music,2013-01-01
388,389,HiMan,18600000,2625744578,352,People & Blogs,2014-01-01
389,390,Vijay Television,18600000,23853253686,37729,Entertainment,2007-01-01
390,391,Kiddiestv Hindi - Nursery Rhymes & Kids Songs,18600000,6734367221,206,Education,2017-01-01
391,392,Мирошка ТВ,18600000,4794323084,97,Education,2018-01-01
392,393,Stokes Twins,18600000,3637385950,236,People & Blogs,2008-01-01
393,394,KBS WORLD TV,18600000,14504815566,61206,Entertainment,2007-01-01
394,395,FIFA,18600000,5071198262,10412,Sports,2006-01-01
395,396,The ACE Family,18600000,4537971345,705,People & Blogs,2016-01-01
396,397,Turma da Mônica,18500000,13525916236,1134,Film & Animation,2012-01-01
397,398,etvteluguindia,18500000,21334941386,118601,Entertainment,2010-01-01
398,399,CKN,18500000,11925825823,473,Entertainment,2015-01-01
399,400,shakiraVEVO,18400000,23689186601,191,Music,2009-01-01
400,401,Shorts Break,18400000,12771152207,351,Comedy,2021-01-01
401,402,Farruko,18400000,9020045767,204,Music,2009-01-01
402,403,TheWillyrex,18400000,6977925438,6819,Comedy,2011-01-01
403,404,Познаватель,18300000,9107660642,499,Entertainment,2014-01-01
404,405,Little Angel Español - Canciones Infantiles,18300000,8959749076,639,Education,2018-01-01
405,406,Dan-Sa / Daniel Saboya,18300000,6328088383,2378,Music,2007-01-01
406,407,PDK Films,18300000,4002276841,110,Entertainment,2009-01-01
407,408,Vsauce,18300000,2527403149,414,Science & Technology,2007-01-01
408,409,Bizarrap,18200000,6197013583,81,Comedy,2017-01-01
409,410,MrBeast 2,18200000,2704243391,107,People & Blogs,2020-01-01
410,411,7clouds,18200000,13041283902,2187,Music,2013-01-01
411,412,Unbox Therapy,18200000,4413653121,2096,Science & Technology,2010-01-01
412,413,INCRÍVEL,18200000,3120813439,6192,People & Blogs,2017-01-01
413,414,That Little Puff,18100000,15908801249,648,Pets & Animals,2020-01-01
414,415,GEN HALILINTAR,18100000,3225823404,999,Entertainment,2015-01-01
415,416,Sony AATH,18100000,12395713325,16520,Shows,2013-01-01
416,417,SOMOY TV,18100000,10663606796,122409,News & Politics,2015-01-01
417,418,Good Mythical Morning,18100000,8423256648,3123,Entertainment,2008-01-01
418,419,Ali-A,18100000,5876845993,4009,Gaming,2006-01-01
419,420,TED-Ed,18100000,3461555664,2006,Education,2011-01-01
420,421,Naisa Alifia Yuriza (N.A.Y),18100000,2721117176,1511,People & Blogs,2017-01-01
421,422,Like Nastya Vlog,18100000,7829592220,445,People & Blogs,2016-01-01
422,423,Marmok,18100000,3282682574,356,Gaming,2008-01-01
423,424,RsiamMusic : อาร์สยาม,18000000,11236193123,2775,Music,2011-01-01
424,425,Masha e o Urso,18000000,7708404844,952,Shows,2016-01-01
425,426,David Dobrik,18000000,7133819223,536,People & Blogs,2014-01-01
426,427,RKD Studios,18000000,4830469564,721,Entertainment,2014-01-01
427,428,Zach Choi ASMR,18000000,3879359888,742,People & Blogs,2014-01-01
428,429,SUPER SLICK SLIME SAM,18000000,6536886700,817,Howto & Style,2018-01-01
429,430,GRAMMY GOLD OFFICIAL,17900000,19096510006,5960,Music,2014-01-01
430,431,Demi Lovato,17900000,6692528239,302,Music,2008-01-01
432,433,YOLO,17800000,1045473522,181,Comedy,2015-01-01
433,434,Lele Pons,17800000,5064880709,190,Comedy,2015-01-01
434,435,ArianaGrandeVevo,17800000,19536373590,177,Music,2010-01-01
435,436,Mother Goose Club Playhouse,17800000,15855344146,1355,Shows,2009-01-01
436,437,officialpsy,17800000,10278257112,123,Music,2010-01-01
437,438,Sebastián Yatra,17800000,9896953778,223,News & Politics,2013-01-01
438,439,TheGrefg,17800000,6224159661,3423,Gaming,2012-01-01
439,440,Lil Pump,17800000,4151057085,60,Music,2015-01-01
440,441,LIV Crime,17700000,9087666286,6847,People & Blogs,2020-01-01
441,442,Dhar Mann,17700000,10106144506,780,People & Blogs,2018-01-01
442,443,SQUEEZIE,17700000,9615343524,1496,Gaming,2011-01-01
443,444,RobleisIUTU,17600000,4945831582,1209,Entertainment,2013-01-01
444,445,Sidemen,17600000,4757429214,288,Entertainment,2015-01-01
445,446,شبكة العاب العرب | Arab Games Network,17600000,8214755372,5854,Gaming,2013-01-01
446,447,Porta dos Fundos,17600000,7507770910,2084,Entertainment,2012-01-01
447,448,unknown boy varun,17600000,6711838849,306,Music,2016-01-01
448,449,Goldmines Great Indian Comedy,17600000,4718631830,2240,Film & Animation,2016-01-01
449,450,JFlaMusic,17600000,3740227273,313,Music,2011-01-01
450,451,FactTechz,17600000,2174714518,629,Entertainment,2016-01-01
451,452,Alan Chikin Chow,17500000,18751898909,665,Comedy,2020-01-01
452,453,Dangal TV Channel,17500000,10634149767,13585,Entertainment,2017-01-01
453,454,Shemaroo Comedy,17500000,5521857617,3909,Entertainment,2007-01-01
454,455,Triggered Insaan,17500000,2890143198,279,Comedy,2014-01-01
455,456,Fede Vigevani,17500000,5618139731,938,Howto & Style,2009-01-01
456,457,Stubborn Facts,17400000,882443900,256,Film & Animation,2016-01-01
458,459,Manual do Mundo,17400000,3695346065,2266,Howto & Style,2006-01-01
460,461,李子柒 Liziqi,17300000,2885085503,128,Howto & Style,2017-01-01
461,462,PopularMMOs,17200000,14524539590,4685,Gaming,2012-01-01
462,463,SonyMusicSouthVEVO,17200000,16475440230,5392,Music,2014-01-01
463,464,IGN,17200000,15298075378,152548,Gaming,2006-01-01
464,465,الـريماس - Al-Remas,17200000,10987905421,2106,Music,2013-01-01
465,466,Jason Derulo,17200000,9153296657,496,Music,2008-01-01
466,467,Zuni and Family,17200000,6384571384,190,People & Blogs,2017-01-01
467,468,Liza Koshy,17200000,2607019595,189,Comedy,2013-01-01
468,469,Willyrex,17100000,4910825286,7169,Gaming,2009-01-01
469,470,Blippi - Educational Videos for Kids,17100000,13959924964,559,Education,2014-01-01
470,471,HowToBasic,17100000,3617767355,568,Howto & Style,2011-01-01
471,472,Akshay Nagwadiya,17000000,5989666543,421,Entertainment,2017-01-01
472,473,LuisFonsiVEVO,17000000,14253357504,96,Music,2009-01-01
473,474,Gaby and Alex,17000000,8040940941,353,Entertainment,2012-01-01
474,475,zbing z.,17000000,8750698468,2944,Gaming,2014-01-01
475,476,Anitta,17000000,6999595709,112,Music,2011-01-01
476,477,EeOneGuy,17000000,3816302459,366,Entertainment,2013-01-01
477,478,Katie Angel,17000000,3442581311,828,People & Blogs,2015-01-01
478,479,tanboy kun,17000000,3346610028,659,People & Blogs,2016-01-01
479,480,Ben Azelart,16900000,3253691948,267,Film & Animation,2014-01-01
480,481,Guava Juice,16900000,8960360548,1849,Gaming,2006-01-01
482,483,Doggy Doggy Cartoons,16800000,6498360254,4723,Entertainment,2012-01-01
483,484,Azhan5star,16800000,8351014001,507,Entertainment,2021-01-01
484,485,News24,16800000,7205305527,186542,News & Politics,2014-01-01
485,486,TheBrianMaps,16800000,4249047639,487,Comedy,2012-01-01
486,487,Apple,16800000,942922750,205,Science & Technology,2005-01-01
487,488,SMOL,16800000,18006604541,2813,People & Blogs,2021-01-01
488,489,MissaSinfonia,16800000,2103205523,231,Comedy,2011-01-01
489,490,Jason Vlogs,16700000,8294504544,712,Education,2015-01-01
490,491,TRANS TV Official,16700000,9293500431,136669,Entertainment,2014-01-01
491,492,And TV,16700000,13143495790,28646,Entertainment,2015-01-01
492,493,Les' Copaque Production,16700000,8363104683,1518,Film & Animation,2009-01-01
493,494,Wow Kidz Action,16700000,7351212171,1522,Film & Animation,2017-01-01
494,495,Miley Cyrus,16700000,6589244611,131,Entertainment,2009-01-01
495,496,Tu COSMOPOLIS,16700000,4984777868,7718,People & Blogs,2014-01-01
496,497,DeToxoMoroxo,16700000,2254760246,514,Entertainment,2012-01-01
497,498,Prajapati News,16700000,958355786,1242,Comedy,2013-01-01
498,499,Queen Official,16600000,10280190536,930,Music,2008-01-01
499,500,Like Nastya VNM,16600000,9054329371,517,Entertainment,2019-01-01
500,501,Spider Slack,16600000,9948034173,677,Comedy,2020-01-01
501,502,El Reino a Jugar,16600000,10834472832,923,Education,2015-01-01
502,503,Marques Brownlee,16600000,3320565650,1505,Science & Technology,2008-01-01
503,504,Werever2morro,16600000,2788971456,973,Entertainment,2007-01-01
504,505,Tsuriki Show,16600000,24308798996,2158,Entertainment,2019-01-01
505,506,The Game Theorists,16500000,3707682281,683,Gaming,2009-01-01
506,507,AMARINTV : อมรินทร์ทีวี,16500000,11868564808,102057,Entertainment,2014-01-01
507,508,VICE,16500000,4417232834,3786,Entertainment,2005-01-01
508,509,IDEAS EN 5 MINUTOS,16500000,3603087973,5070,Howto & Style,2017-01-01
509,510,Aayu and Pihu Show,16400000,8503559876,394,Comedy,2017-01-01
510,511,Travis Scott,16400000,7561196221,13,Music,2013-01-01
511,512,FailArmy,16300000,2474948866,381,Comedy,2011-01-01
512,513,Pop Chartbusters,16300000,8242919144,2184,Music,2011-01-01
513,514,ExtraPolinesios,16300000,4757748651,494,People & Blogs,2012-01-01
514,515,Kaykai Salaider,16300000,4356942977,410,Comedy,2011-01-01
515,516,Sandra Cires Art,16300000,3846664788,1071,Howto & Style,2011-01-01
516,517,W2S,16300000,4742756117,652,Gaming,2012-01-01
517,518,PANDA BOI,16300000,10742466800,798,Entertainment,2020-01-01
519,520,JJ Olatunji,16200000,3918358139,1243,Gaming,2011-01-01
520,521,Sagawa /さがわ,16200000,13685363296,4602,Entertainment,2021-01-01
521,522,Little Mix,16200000,7286908606,278,Music,2011-01-01
522,523,Boyce Avenue,16200000,6406528293,449,Music,2007-01-01
523,524,Gato Galactico | GALÁXIA,16200000,6004959028,2376,Film & Animation,2013-01-01
524,525,Kids Play,16100000,7878433444,568,Entertainment,2018-01-01
525,526,Canal IN,16100000,2632505818,723,People & Blogs,2017-01-01
526,527,Pitbull,16100000,11967155018,329,Music,2006-01-01
527,528,With Kids[위드키즈],16100000,8485722090,868,Entertainment,2012-01-01
528,529,FunFun Toy Doll TV,16100000,7196345505,716,Entertainment,2016-01-01
529,530,Camila Cabello,16100000,6348729079,80,Music,2015-01-01
530,531,Matt Stonie,16100000,3417845312,419,Entertainment,2012-01-01
531,532,Antrax,16100000,2996209632,675,Gaming,2015-01-01
532,533,Like Nastya IDN,16000000,6888875020,487,Entertainment,2019-01-01
533,534,RCTI - LAYAR DRAMA INDONESIA,16000000,12747937025,64854,Entertainment,2015-01-01
534,535,Jennifer Lopez,16000000,9858663362,234,Music,2005-01-01
535,536,AdMe,15900000,4252623917,5862,Entertainment,2015-01-01
536,537,jeffreestar,15900000,2592651786,433,Howto & Style,2006-01-01
537,538,DopeLyrics,15900000,9894008410,1981,Music,2016-01-01
538,539,Enes Batur,15900000,9619633601,1986,Gaming,2012-01-01
539,540,El Payaso Plim Plim,15900000,14409863239,1103,Film & Animation,2013-01-01
540,541,SAM SMITH,15900000,9495750368,158,Music,2012-01-01
541,542,SriBalajiMovies,15800000,8671201657,17382,Entertainment,2011-01-01
542,543,Lahari Music | T-Series,15800000,11199713086,8490,Music,2011-01-01
543,544,wifistudy,15800000,2928896155,49021,Education,2014-01-01
544,545,FitDance,15800000,6854636069,4126,Music,2013-01-01
545,546,T3ddy,15700000,2765806267,1797,Comedy,2012-01-01
546,547,Technoblade,15700000,1570800772,989,Gaming,2013-01-01
547,548,Rotten Tomatoes Trailers,15700000,12949835683,9944,Film & Animation,2011-01-01
548,549,Ch7HD,15700000,8793190045,47605,Entertainment,2010-01-01
549,550,Dyland PROS,15700000,1389142126,2275,Entertainment,2015-01-01
551,552,Caeli YT,15600000,1510667954,551,Entertainment,2010-01-01
552,553,POPS Kids,15600000,9534315040,4607,Music,2014-01-01
553,554,GMMTV OFFICIAL​​,15600000,11557692368,21719,Entertainment,2010-01-01
554,555,NMF News,15600000,6782488106,102935,News & Politics,2013-01-01
555,556,Camilo,15600000,6432024424,118,Music,2010-01-01
556,557,BBC News Hindi,15600000,6342884945,18654,News & Politics,2009-01-01
557,558,News18 India,15600000,5860579687,150702,News & Politics,2007-01-01
558,559,MSA previously My Story Animated,15600000,6963014694,956,Film & Animation,2019-01-01
559,560,CoryxKenshin,15500000,6483995439,1674,Gaming,2009-01-01
560,561,LEGO,15500000,19694349295,29522,Entertainment,2005-01-01
561,562,Дима Масленников,15500000,2225693980,412,Entertainment,2014-01-01
562,563,Thairath Online,15400000,13366977081,225893,News & Politics,2010-01-01
563,564,La Rosa de Guadalupe,15400000,8901924388,6670,Entertainment,2015-01-01
564,565,Roman Atwood Vlogs,15400000,5462269239,1749,People & Blogs,2013-01-01
565,566,LOKESH GAMER,15400000,1592421777,1278,Gaming,2017-01-01
566,567,Kerajinan 5-Menit,15300000,4576518768,3781,People & Blogs,2018-01-01
567,568,MK MUSIC,15300000,8419062111,4854,Music,2010-01-01
568,569,Aphmau,15300000,15163928090,4184,Gaming,2012-01-01
569,570,Henrique e Juliano,15300000,13565040202,312,Music,2009-01-01
570,571,Volga Video,15300000,9504390823,19496,Film & Animation,2012-01-01
571,572,Super Senya,15300000,4983504473,489,Entertainment,2016-01-01
572,573,TWICE,15300000,4388859333,976,Music,2016-01-01
573,574,Zach King,15300000,2460524932,409,Entertainment,2013-01-01
574,575,IShowSpeed,15300000,1173340373,1217,Gaming,2016-01-01
575,576,5-Minute Crafts FAMILY,15300000,5866531040,3803,People & Blogs,2018-01-01
576,577,حِرف إبداعية في 5 دقائق,15300000,4334496018,4807,Howto & Style,2017-01-01
577,578,Musas,15200000,2376552971,612,Howto & Style,2012-01-01
578,579,Harsh Beniwal,15200000,1720782483,162,Comedy,2015-01-01
579,580,Oyuncak Avı,15200000,8244957082,625,Entertainment,2014-01-01
580,581,Bollywood Classics,15200000,6499358216,1265,Entertainment,2011-01-01
581,582,Talking Tom & Friends,15200000,6380721763,405,Entertainment,2010-01-01
582,583,Totoy kids - Español,15200000,5445559517,302,Film & Animation,2017-01-01
583,584,zayn,15200000,4721370622,14,Music,2016-01-01
584,585,Ranz Kyle,15100000,1726182121,508,People & Blogs,2008-01-01
585,586,Linus Tech Tips,15100000,6566938287,6048,Science & Technology,2008-01-01
586,587,Taarak Mehta Ka Ooltah Chashmah,15100000,9305643080,3506,Entertainment,2014-01-01
587,588,Marta and Rustam,15100000,16065818431,571,Comedy,2021-01-01
588,589,AdeleVEVO,15100000,11918454879,52,Music,2009-01-01
589,590,Ajay Sharma,15100000,10806573025,764,Entertainment,2012-01-01
590,591,Team Films Bhojpuri,15100000,6409533930,20099,Music,2014-01-01
591,592,Makiman131,15100000,4188172463,2987,Gaming,2013-01-01
592,593,TheRichest,15100000,2945021956,2286,Education,2014-01-01
593,594,League of Legends,15000000,6911362560,1324,Gaming,2009-01-01
594,595,NDTV India,15000000,6251404518,76615,News & Politics,2008-01-01
595,596,Arif muhammad,15000000,3717214603,480,People & Blogs,2017-01-01
596,597,Mariale,15000000,2670473667,2087,Howto & Style,2010-01-01
597,598,Niana Guerrero,15000000,1420188529,416,Entertainment,2013-01-01
598,599,Dave and Ava - Nursery Rhymes and Baby Songs,15000000,10218745464,779,Education,2014-01-01
599,600,Unspeakable,15000000,8230219714,713,Gaming,2016-01-01
600,601,НТВ,14900000,439098,1,People & Blogs,2008-01-01
601,602,BIGBANG,14900000,7577947855,776,Music,2005-01-01
602,603,Lyna,14900000,6168742287,4674,Gaming,2014-01-01
603,604,Zee Music Classic,14900000,5438012566,1292,Music,2014-01-01
604,605,Daftar Populer,14900000,2013468687,3336,Education,2017-01-01
605,606,Mobile Legends: Bang Bang Official,14900000,2994145139,3194,Gaming,2016-01-01
606,607,It's Mamix,14800000,1687036510,210,People & Blogs,2017-01-01
608,609,Kwebbelkop,14800000,6745121120,5094,Gaming,2008-01-01
609,610,Genierock,14800000,13968497628,1612,Music,2008-01-01
610,611,Zé Neto e Cristiano,14800000,10783179824,276,Music,2012-01-01
611,612,UFC - Ultimate Fighting Championship,14800000,6018053330,13234,Sports,2006-01-01
612,613,Lachlan,14800000,5132197532,3754,Gaming,2013-01-01
613,614,ERB,14800000,3967426418,86,Entertainment,2006-01-01
614,615,iTownGamePlay *Terror&Diversión*,14800000,4878915354,8034,Entertainment,2012-01-01
615,616,Reaction Time,14700000,4250594230,1691,Entertainment,2015-01-01
616,617,Fueled By Ramen,14700000,12979351082,1201,Music,2006-01-01
617,618,Major Lazer Official,14700000,9119867025,415,Music,2009-01-01
618,619,Jorge & Mateus Oficial,14700000,8531197930,315,Music,2008-01-01
619,620,Blippi Español,14700000,8365145978,502,People & Blogs,2017-01-01
620,621,How Ridiculous,14700000,7038864747,611,Sports,2009-01-01
621,622,Planeta das Gêmeas,14700000,4561478126,925,People & Blogs,2015-01-01
622,623,MattyBRaps,14700000,3433181614,188,Music,2010-01-01
623,624,The Slow Mo Guys,14700000,2419017151,306,Entertainment,2010-01-01
624,625,CollegeHumor,14600000,7417360246,4234,Comedy,2006-01-01
625,626,حقائق وأسرار,14600000,2205484273,1343,Entertainment,2016-01-01
626,627,IDEIAS INCRÍVEIS,14600000,3526599957,5055,Howto & Style,2017-01-01
627,628,Dear Sir,14600000,1142389053,538,Education,2016-01-01
628,629,XpressTV,14600000,3776846510,661,Entertainment,2014-01-01
629,630,LeoNata Family,14600000,20308004462,1767,People & Blogs,2021-01-01
630,631,CNN,14600000,13163310550,157647,News & Politics,2005-01-01
631,632,ABS-CBN News,14600000,9938076313,183459,News & Politics,2009-01-01
632,633,PlayStation,14600000,4489317917,18950,Gaming,2005-01-01
633,634,Lilly Singh,14600000,3489663353,920,Comedy,2010-01-01
634,635,Canal Nostalgia,14600000,1470903214,417,Entertainment,2008-01-01
635,636,les boys tv2,14600000,4527781812,441,Entertainment,2017-01-01
636,637,Maha Fun Tv,14600000,1229782720,44,Entertainment,2017-01-01
637,638,O Canal do Joãozinho - Little Angel Português,14600000,8198866613,706,Entertainment,2018-01-01
638,639,Kuplinov ► Play,14600000,6250633875,6485,Gaming,2012-01-01
639,640,Chad Wild Clay,14500000,6531194335,669,Comedy,2006-01-01
640,641,EdisonPts,14500000,6090258521,3571,Gaming,2013-01-01
641,642,Yoeslan,14500000,12218689931,404,Entertainment,2020-01-01
642,643,LEGENDA FUNK,14500000,1314916113,2389,Music,2013-01-01
643,644,Drawblogs,14500000,1712621922,400,Entertainment,2014-01-01
644,645,Fifth Harmony,14500000,7729323881,67,Music,2013-01-01
645,646,Martin Garrix,14500000,5781932607,342,Music,2011-01-01
646,647,Boram Tube ToysReview [보람튜브 토이리뷰],14500000,4970086311,591,People & Blogs,2016-01-01
647,648,Daily Dose Of Internet,14500000,4759610926,451,Entertainment,2015-01-01
648,649,Hongyu ASMR 홍유,14500000,4731422538,585,People & Blogs,2018-01-01
649,650,FC Barcelona,14500000,2392738126,10386,Sports,2006-01-01
650,651,Gyan Gamingㅤ,14500000,2170163026,2759,Gaming,2017-01-01
651,652,Maroon5VEVO,14500000,19451808105,143,Music,2009-01-01
652,653,SelenaGomezVEVO,14500000,10808395899,186,Music,2009-01-01
653,654,Jake Fellman,14400000,11093115317,425,Entertainment,2012-01-01
654,655,Hear This Music,14400000,8912503027,39,Music,2016-01-01
655,656,Kim Loaiza,14400000,1345839890,15,Music,2019-01-01
656,657,Super Polina,14400000,4769579782,544,People & Blogs,2014-01-01
657,658,A2 Motivation by Arvind Arora,14400000,5733132609,2061,Entertainment,2017-01-01
658,659,ช่อง8 : Thai Ch8,14400000,5638664089,24388,Entertainment,2011-01-01
659,660,DM - Desi Melodies,14400000,5388394805,55,Music,2017-01-01
660,661,Mohamed Ramadan I محمد رمضان,14400000,4967167049,601,People & Blogs,2014-01-01
661,662,Jordan Matter,14400000,4549054595,387,Entertainment,2006-01-01
662,663,Rclbeauty101,14400000,3882397491,462,Comedy,2010-01-01
663,664,Cyprien,14400000,3055947897,212,Comedy,2007-01-01
664,665,انصالة فاميلي I أنس و أصالة,14400000,3016401555,395,Entertainment,2017-01-01
665,666,Bispo Bruno Leonardo,14400000,2668391636,4175,Nonprofits & Activism,2016-01-01
666,667,CrashCourse,14400000,1766841770,1458,Education,2006-01-01
667,668,ГЛЕНТ,14300000,1298647040,272,People & Blogs,2019-01-01
668,669,Mazhavil Manorama,14300000,15032205882,78669,Entertainment,2011-01-01
669,670,50 Cent,14300000,9326000286,417,Music,2007-01-01
670,671,SIS vs BRO,14300000,6880342887,358,Entertainment,2016-01-01
671,672,Трум Трум,14300000,6593621634,2108,Howto & Style,2015-01-01
672,673,SRK MUSIC,14300000,5941101813,4971,Music,2012-01-01
673,674,Camila Loures,14300000,4404726516,3688,Music,2014-01-01
674,675,Rosanna Pansino,14300000,4374008476,1106,Howto & Style,2010-01-01
675,676,Auron,14300000,3019345430,838,People & Blogs,2013-01-01
676,677,5-Minute Crafts Recycle,14200000,8280623350,3266,People & Blogs,2019-01-01
677,678,Invento na Hora,14200000,3954915463,1232,Film & Animation,2014-01-01
678,679,Doc Tops,14200000,2516908404,457,Entertainment,2014-01-01
679,680,Disney Junior,14200000,13991553391,3643,Entertainment,2008-01-01
680,681,KOMPASTV,14200000,10910667115,245453,News & Politics,2013-01-01
681,682,MNCTV OFFICIAL,14200000,7683242415,58581,Entertainment,2012-01-01
682,683,Infobells Bangla,14200000,6926902432,309,Education,2016-01-01
683,684,Saad Lamjarred | سعد لمجرد,14200000,4115740719,158,Music,2012-01-01
684,685,The MriDul,14200000,4047724263,98,Comedy,2015-01-01
685,686,#Refugio Mental,14100000,3544300212,764,Entertainment,2013-01-01
686,687,NikkieTutorials,14100000,1672330718,866,Howto & Style,2008-01-01
687,688,Mis Pastelitos,14100000,2514596947,556,Howto & Style,2014-01-01
688,689,F2Freestylers - Ultimate Soccer Skills Channel,14100000,3210551602,769,Sports,2011-01-01
689,690,Мастерская Настроения,14100000,3808039710,963,Entertainment,2013-01-01
690,691,MalumaVEVO,14100000,18436716176,177,Music,2011-01-01
691,692,Aadishakti Films,14100000,6102779731,4706,Music,2016-01-01
692,693,Katakit Baby TV,14100000,5811945530,196,Music,2010-01-01
693,694,Trap City,14100000,5004580463,2638,Music,2012-01-01
694,695,melanie martinez,14100000,4028748305,96,Music,2007-01-01
695,696,Harry Styles,14000000,5083756024,14,People & Blogs,2017-01-01
696,697,Zig & Sharko,14000000,8683956869,898,Film & Animation,2015-01-01
697,698,PrestonPlayz,14000000,5195437365,801,Gaming,2018-01-01
698,699,AM3NlC,14000000,4889142949,5614,Gaming,2012-01-01
699,700,Like Nastya Stories,14000000,6638937132,418,Entertainment,2019-01-01
700,701,ABC News,14000000,12266150289,76462,News & Politics,2006-01-01
701,702,O Reino Infantil,14000000,10518046735,1120,Music,2014-01-01
702,703,Telemundo,14000000,8202234385,18798,Entertainment,2007-01-01
703,704,TazerCraft,14000000,5488153625,4066,Gaming,2011-01-01
704,705,Bie The Ska,14000000,4498785156,1448,Entertainment,2006-01-01
705,706,Juliana Baltar,14000000,3485653689,1669,Entertainment,2010-01-01
706,707,GMM25Thailand,14000000,8821803304,60211,Entertainment,2011-01-01
707,708,Neha Kakkar,13900000,1966260662,146,Music,2012-01-01
708,709,PowerfulJRE,13900000,2674135169,887,People & Blogs,2013-01-01
709,710,Ishaan Ali 11,13900000,8835220816,710,People & Blogs,2016-01-01
710,711,ماشا و الدب,13900000,7223914427,844,Shows,2017-01-01
711,712,tuzelity SHUFFLE,13900000,6142842116,782,People & Blogs,2015-01-01
712,713,DangMattSmith,13900000,3219797084,1534,Entertainment,2011-01-01
713,714,NOBRU,13900000,261499585,427,Gaming,2016-01-01
714,715,T-Series Hamaar Bhojpuri,13900000,6846976290,9548,Entertainment,2011-01-01
715,716,Darkar Company Studios,13800000,2214543452,178,Film & Animation,2009-01-01
716,717,ZEE5,13800000,17189678828,89656,Entertainment,2018-01-01
717,718,Sony Music South,13800000,8549020227,2275,Music,2014-01-01
718,719,Ray William Johnson,13800000,8202521798,1535,Entertainment,2008-01-01
719,720,Wish 107.5,13800000,5658398807,1673,Music,2014-01-01
720,721,ADEL et SAMI,13800000,5216526296,422,Entertainment,2018-01-01
721,722,Coke Studio,13800000,3692221584,560,Music,2014-01-01
722,723,Narins Beauty,13800000,2147505352,422,Howto & Style,2014-01-01
723,724,MAIKI021,13700000,1916175410,3162,Entertainment,2008-01-01
724,725,TV Ana Emilia,13700000,4525713851,577,People & Blogs,2014-01-01
725,726,FFUNTV,13700000,10608345270,376,Gaming,2018-01-01
726,727,Danny Fitt,13700000,8122982712,1869,People & Blogs,2016-01-01
727,728,BBC News,13700000,4248150214,17513,News & Politics,2006-01-01
728,729,Narendra Modi,13700000,2800240852,18491,News & Politics,2007-01-01
729,730,Wengie,13600000,1889199744,414,Howto & Style,2010-01-01
730,731,PlayHard,13600000,2019571122,2211,Gaming,2014-01-01
731,732,StudyIQ IAS,13600000,3504832993,39036,Education,2015-01-01
732,733,Gallina Pintadita,13600000,9268704548,61,Music,2011-01-01
733,734,Wesley Safadão,13600000,7726422032,421,Music,2009-01-01
734,735,Crazy Frog,13600000,7399861178,37,Music,2009-01-01
735,736,infobells,13600000,5075166188,468,Education,2011-01-01
736,737,123 GO! Spanish,13600000,4871205567,420,People & Blogs,2019-01-01
737,738,MyMissAnand,13500000,4752029228,301,People & Blogs,2014-01-01
738,739,Atlantic Records,13500000,11999986364,1492,Music,2006-01-01
739,740,dednahype,13500000,13757629009,1210,Comedy,2020-01-01
740,741,ETV Jabardasth,13500000,12789057206,8540,People & Blogs,2015-01-01
741,742,Sony LIV,13500000,6516846097,9792,Entertainment,2014-01-01
742,743,FAPTV,13500000,5234144005,679,Comedy,2014-01-01
743,744,Lindsey Stirling,13500000,3659466058,197,Music,2007-01-01
744,745,The World Adventures हिन्दी,13500000,2129901800,935,People & Blogs,2016-01-01
745,746,JD Pantoja,13500000,1426482050,16,People & Blogs,2017-01-01
746,747,Netflix Jr.,13400000,8144734008,1733,Education,2012-01-01
747,748,Поззи,13400000,6631847487,3116,People & Blogs,2012-01-01
748,749,Rebecca Zamolo,13400000,5504071291,903,Comedy,2011-01-01
749,750,AzzyLand,13400000,6130084420,1629,Gaming,2015-01-01
750,751,Desi Gamers,13400000,2030227951,1315,Gaming,2015-01-01
751,752,H2ODelirious,13300000,4286767975,3286,Gaming,2007-01-01
752,753,Crescendo com Luluca,13300000,4646460697,1203,Entertainment,2015-01-01
753,754,T-Series Regional,13300000,4958656890,15041,Entertainment,2011-01-01
754,755,Veritasium,13300000,1958582942,350,Education,2010-01-01
755,756,Conor Maynard,13300000,2665397983,284,Music,2006-01-01
756,757,jbalvinVEVO,13300000,20219708239,235,Music,2010-01-01
757,758,Saturday Night Live,13300000,14095534282,8159,Entertainment,2013-01-01
758,759,The Q,13300000,4179824130,288,People & Blogs,2017-01-01
759,760,Kurt Hugo Schneider,13300000,3705891507,692,Entertainment,2007-01-01
760,761,Anaysa,13300000,3283873970,513,Howto & Style,2012-01-01
761,762,NishaMadhulika,13300000,2795305843,2104,Howto & Style,2009-01-01
762,763,BBC,13200000,9296738948,14156,Pets & Animals,2005-01-01
763,764,Zee Telugu,13200000,9265994462,104189,Entertainment,2008-01-01
764,765,karameeshchannel,13200000,8883292835,2178,Entertainment,2012-01-01
765,766,Meghan Trainor,13200000,7822230597,148,People & Blogs,2008-01-01
766,767,theRadBrad,13200000,5932290734,7961,Gaming,2006-01-01
767,768,Jazzghost,13200000,5078316051,5312,Gaming,2012-01-01
768,769,VexTrex,13100000,7736404007,3500,Entertainment,2014-01-01
769,770,Brawl Stars,13100000,1944961599,155,Gaming,2017-01-01
770,771,Matt Steffanina,13100000,3140352689,523,Entertainment,2011-01-01
771,772,JOJO TV - Hindi Stories,13100000,4955237714,1006,Education,2016-01-01
772,773,Typical Gamer,13100000,4072134308,4069,Gaming,2008-01-01
773,774,أترو/Atro,13100000,2244181201,1712,Gaming,2017-01-01
774,775,O Que Não Dizer Oficial,13100000,1723601563,574,Comedy,2015-01-01
775,776,Jamuna TV,13100000,10958457763,97033,News & Politics,2017-01-01
776,777,Kids TV India Hindi Nursery Rhymes,13100000,6194817833,1272,Shows,2014-01-01
777,778,The LaBrant Fam,13100000,4577161512,595,Comedy,2012-01-01
778,779,ATHLEAN-X™,13100000,2233627821,1314,Howto & Style,2006-01-01
779,780,DALLMYD,13100000,1773415670,393,Sports,2011-01-01
780,781,Alex Gonzaga Official,13100000,1360273293,252,People & Blogs,2017-01-01
781,782,Come Play With Me,13100000,15474314657,386,Entertainment,2014-01-01
782,783,Lady Diana,13100000,7814517029,1346,Entertainment,2016-01-01
783,784,sagar kalra (Shorts),13000000,5483428689,401,People & Blogs,2017-01-01
784,785,Think Music India,13000000,9958947026,4452,Music,2009-01-01
785,786,Hacksmith Industries,13000000,1408649134,791,Science & Technology,2006-01-01
786,787,Matheus Yurley,13000000,139450407,68,Entertainment,2015-01-01
787,788,CookingShooking Hindi,13000000,1684387848,393,People & Blogs,2017-01-01
788,789,Mythpat,13000000,2792917860,337,Entertainment,2018-01-01
789,790,Calon Sarjana,13000000,10664585,29,Entertainment,2016-01-01
790,791,Everson Zoio,13000000,1004312062,594,Comedy,2009-01-01
791,792,Zee Bangla,13000000,8095947007,101353,Entertainment,2008-01-01
792,793,RedeTV,13000000,5243538335,33816,Entertainment,2011-01-01
793,794,twenty one pilots,13000000,4940473759,182,Music,2009-01-01
794,795,Ei Nerd,13000000,3398836213,5651,Entertainment,2013-01-01
795,796,Goldmines Premiere,13000000,1781566597,653,Entertainment,2013-01-01
796,797,DJ Khaled,12900000,6405935489,59,Music,2018-01-01
797,798,Mrwhosetheboss,12900000,2522365187,1488,Science & Technology,2011-01-01
798,799,Top Viral Talent,12900000,3847800217,1865,Entertainment,2014-01-01
799,800,EnriqueIglesiasVEVO,12900000,15018595817,136,Music,2009-01-01
800,801,Colors Rishtey,12900000,10739183295,18371,Entertainment,2013-01-01
801,802,RS 1313 SHORTS,12900000,6767680381,4660,Entertainment,2020-01-01
802,803,Компот,12900000,6687118830,2025,Gaming,2013-01-01
803,804,Lana Del Rey,12900000,6183850559,40,Music,2011-01-01
804,805,Awakening Music,12900000,5196501306,745,Music,2006-01-01
805,806,Hungria Hip Hop,12900000,4296055045,50,Music,2013-01-01
806,807,The Shiny Peanut,12900000,2840870688,2337,Education,2016-01-01
807,808,DeGoBooM,12900000,5257749726,3394,Gaming,2014-01-01
808,809,Peppa Pig em Português Brasil - Canal Oficial,12800000,4055556450,1231,Film & Animation,2014-01-01
809,810,BeyoncéVEVO,12800000,13662997727,169,Music,2009-01-01
810,811,#Refúgio Mental,12800000,2659524359,819,Entertainment,2013-01-01
811,812,Trakin Tech,12800000,2024906006,3450,Science & Technology,2011-01-01
812,813,Kabita's Kitchen,12800000,2516352711,1329,Howto & Style,2014-01-01
813,814,BIBO와 장난감,12800000,3085412541,170,Entertainment,2016-01-01
814,815,7 Minutoz,12800000,4153844467,521,Music,2012-01-01
815,816,Knowledge Tv हिन्दी,12800000,1768376077,1692,People & Blogs,2014-01-01
816,817,MrSuicideSheep,12800000,6857230232,3338,Entertainment,2010-01-01
817,818,Ami Rodriguez,12800000,2081891117,377,Entertainment,2009-01-01
818,819,E-MasterSensei,12800000,3587873026,1228,Gaming,2016-01-01
819,820,Geo News,12800000,4925451240,172983,News & Politics,2007-01-01
820,821,GMA News,12800000,11220255933,342802,News & Politics,2007-01-01
821,822,Codiscos,12800000,10763457454,7174,Music,2007-01-01
822,823,Blockbuster Movies,12800000,2515063658,463,Entertainment,2016-01-01
823,824,TV9 Bharatvarsh,12800000,8736936076,233127,People & Blogs,2018-01-01
824,825,The Dodo,12800000,8683276984,7397,Pets & Animals,2014-01-01
825,826,Luli Pampín,12800000,7128616807,246,Music,2012-01-01
826,827,The Infographics Show,12800000,4872169397,3817,Education,2011-01-01
827,828,Lokdhun Punjabi,12800000,4552563710,1400,Music,2010-01-01
828,829,Sonotek Bhakti,12800000,3902273032,7752,Entertainment,2010-01-01
829,830,Indore Physical Academy,12800000,3624179675,1512,People & Blogs,2014-01-01
831,832,Yudist Ardhana,12700000,4862085005,2414,Entertainment,2016-01-01
832,833,RaptorGamer,12700000,2704763663,1303,People & Blogs,2016-01-01
833,834,Kids Line♡キッズライン,12700000,11198318568,2783,People & Blogs,2011-01-01
834,835,JesseAndMike,12700000,9481436539,656,Entertainment,2007-01-01
836,837,Troom Troom India,12700000,6608476174,2199,Howto & Style,2015-01-01
837,838,My Mate Nate,12700000,3008638341,1107,Comedy,2014-01-01
838,839,gymvirtual,12700000,2430526081,1500,Sports,2010-01-01
839,840,Davie504,12600000,2498175486,806,Entertainment,2011-01-01
840,841,NickiMinajAtVEVO,12600000,8617068421,98,Music,2010-01-01
841,842,Луномосик,12600000,5848562902,538,People & Blogs,2015-01-01
842,843,Blossom,12600000,4527850608,674,Howto & Style,2017-01-01
843,844,Adexe & Nau,12600000,4514074611,582,Music,2013-01-01
844,845,BanderitaX,12600000,3690336615,1559,Gaming,2013-01-01
845,846,Technology Gyan,12600000,1031637100,969,Science & Technology,2015-01-01
846,847,Health Time,12600000,992361227,1687,Howto & Style,2016-01-01
847,848,Melon City Show - برنامج ولاية بطيخ,12600000,5692761946,1715,Comedy,2016-01-01
849,850,elliegoulding,12500000,6751007251,155,Music,2007-01-01
850,851,TKOR,12500000,3361880534,1481,Education,2010-01-01
851,852,Vogue,12500000,3776103044,2877,Entertainment,2008-01-01
852,853,Ja Mill,12500000,1302818088,567,People & Blogs,2016-01-01
853,854,Priyal Kukreja,12500000,7984381092,613,People & Blogs,2021-01-01
854,855,Little Baby Bum en Español,12500000,6850021546,1316,Education,2014-01-01
855,856,Republic Bharat,12500000,5973835941,64600,News & Politics,2019-01-01
856,857,Parafernalha,12500000,4582763542,1721,Entertainment,2011-01-01
857,858,Talking Angela,12500000,3433210811,217,Entertainment,2014-01-01
858,859,CaseyNeistat,12500000,3107426903,1089,People & Blogs,2010-01-01
859,860,Piuzinho,12500000,1054626166,478,Gaming,2015-01-01
860,861,SAAIHALILINTAR,12500000,1108603203,408,Entertainment,2012-01-01
861,862,Jass Records,12500000,5649739561,4968,Music,2014-01-01
862,863,LOUD,12400000,2358986498,1155,Gaming,2019-01-01
863,864,Koray Zeynep,12400000,14695012005,12655,People & Blogs,2016-01-01
864,865,Heidi and Zidane HZHtube,12400000,3606270407,681,Entertainment,2015-01-01
865,866,DisneyChannelUK,12400000,11821116201,3284,Music,2007-01-01
866,867,Rauw Alejandro,12400000,10418976938,141,Music,2014-01-01
867,868,Future,12400000,9328021218,59,Music,2011-01-01
868,869,Just For Laughs Gags,12400000,7886065029,7278,Comedy,2007-01-01
869,870,Heroindori,12400000,6487369114,336,Comedy,2020-01-01
870,871,Duo Tiempo De Sol,12400000,6256144602,301,Music,2013-01-01
871,872,infobells - Kannada,12400000,5744088014,379,Education,2014-01-01
872,873,Troom Troom PT,12400000,4302109080,2553,Howto & Style,2015-01-01
873,874,Gibby :),12400000,2814118004,216,People & Blogs,2014-01-01
874,875,People Vs Food,12400000,1050713750,479,Entertainment,2013-01-01
877,878,Migos ATL,12300000,6690382235,100,Music,2012-01-01
878,879,Acenix,12300000,1852421314,304,Gaming,2014-01-01
879,880,Más SKabeche,12300000,2955450684,697,Travel & Events,2015-01-01
880,881,SR Toys Collection,12300000,4018076796,984,Entertainment,2012-01-01
881,882,办公室小野 Ms Yeah,12300000,3888668815,400,People & Blogs,2017-01-01
882,883,웃웃TwinsFromRussia,12300000,8670899572,5382,People & Blogs,2011-01-01
883,884,Akon,12300000,5780108081,43,Music,2005-01-01
884,885,Wave Music Bhakti,12300000,5030056103,19534,Music,2011-01-01
885,886,NDTV,12300000,4803479418,138620,Entertainment,2006-01-01
886,887,CHHOTU KI MASTI,12300000,4313298357,112,Comedy,2018-01-01
887,888,Its JoJo Siwa,12300000,3948740983,735,Entertainment,2015-01-01
888,889,MC Divertida,12200000,4748565465,353,Entertainment,2018-01-01
889,890,Troom Troom Indonesia,12200000,5186482167,1688,People & Blogs,2019-01-01
890,891,jaanvi patel,12200000,5430906777,419,People & Blogs,2018-01-01
891,892,YoungBoy Never Broke Again,12200000,12118657768,590,Entertainment,2015-01-01
892,893,SEVENGERS,12200000,8396773331,714,Comedy,2018-01-01
893,894,DaniRep | +6 Vídeos Diarios De GTA 5 Online!,12200000,6632558338,11556,Gaming,2012-01-01
894,895,Ice Cream Rolls,12200000,1538871204,1691,Entertainment,2011-01-01
895,896,colinfurze,12200000,1524031933,375,Entertainment,2006-01-01
896,897,Kylie Jenner,12200000,777504993,153,People & Blogs,2015-01-01
897,898,Bela Bagunça,12200000,2821237136,987,People & Blogs,2015-01-01
898,899,deepesh zo,12100000,5655945454,392,People & Blogs,2021-01-01
899,900,Timba Vk,12100000,2686843858,919,Gaming,2012-01-01
900,901,THE BROWN SIBLINGS,12100000,7425242681,764,Entertainment,2016-01-01
901,902,Yair17,12100000,1305860534,1030,Gaming,2014-01-01
902,903,penguinz0,12100000,6704978227,4270,Gaming,2007-01-01
903,904,Avril Lavigne,12100000,5905100328,163,Music,2005-01-01
905,906,Маша та Ведмідь,12100000,5223502987,1082,Shows,2014-01-01
906,907,123 GO!,12100000,4528828203,457,People & Blogs,2019-01-01
907,908,Lulu99,12100000,2227343024,542,Entertainment,2015-01-01
909,910,Nat and Essie,12000000,7085568806,1062,Film & Animation,2015-01-01
910,911,Planet Earth INDIA,12000000,1767257262,647,People & Blogs,2011-01-01
911,912,eltrece,12000000,11599265811,157752,Entertainment,2014-01-01
912,913,NATTI NATASHA,12000000,7640979425,163,Music,2015-01-01
913,914,Mor Haryanvi,12000000,6012566606,408,Music,2015-01-01
915,916,Quantum Tech HD,12000000,4421255437,490,Science & Technology,2015-01-01
916,917,Franco Escamilla,12000000,3792018934,2275,Comedy,2007-01-01
917,918,Pastor Antônio Júnior,12000000,1880211143,4096,People & Blogs,2013-01-01
918,919,TsMadaan,12000000,1370529687,1753,Howto & Style,2008-01-01
919,920,Hero Movies 2023,11900000,1567419173,446,People & Blogs,2017-01-01
920,921,Topper Guild,11900000,11296940423,612,Comedy,2014-01-01
921,922,Willie Salim,11900000,2811346388,446,People & Blogs,2014-01-01
922,923,MBC مصر,11900000,6617278334,40741,Entertainment,2012-01-01
923,924,First We Feast,11900000,2645221536,896,Howto & Style,2014-01-01
924,925,Rubius Z,11900000,1975397586,496,Comedy,2006-01-01
925,926,Black Eyed Peas,11900000,10134616933,71,Music,2007-01-01
926,927,Pari's Lifestyle,11900000,7271047228,401,People & Blogs,2018-01-01
927,928,CNCO,11900000,7059676669,187,Music,2015-01-01
928,929,AlArabiya العربية,11900000,6575858204,147459,People & Blogs,2006-01-01
929,930,Luan Santana,11900000,5332547232,379,Music,2009-01-01
930,931,DANIEL EL TRAVIESO VIDEOS,11900000,4842572088,335,Comedy,2014-01-01
932,933,Kluna Tik,11900000,4154119625,302,Entertainment,2014-01-01
933,934,Make Joke Of,11900000,1962826145,48,Comedy,2017-01-01
934,935,Lofi Girl,11900000,1476334365,372,Music,2015-01-01
935,936,GoldminesAction,11900000,1169023702,644,Film & Animation,2015-01-01
936,937,emma chamberlain,11900000,1572887708,287,Entertainment,2016-01-01
937,938,ChrisBrownVEVO,11900000,13190990325,297,Music,2009-01-01
938,939,Kashvi Adlakha,11900000,10392111852,1310,Entertainment,2017-01-01
939,940,Jaiden Animations,11800000,2203766508,104,Film & Animation,2014-01-01
940,941,MORGENSHTERN,11800000,2262532486,160,Music,2013-01-01
941,942,Norman,11800000,2703042539,210,Comedy,2011-01-01
942,943,bharatzkitchen HINDI,11800000,2111580099,677,Howto & Style,2016-01-01
943,944,EU FICO LOKO,11800000,1188130067,1605,Comedy,2010-01-01
944,945,CalvinHarrisVEVO,11800000,13952879752,174,Music,2009-01-01
945,946,Flowers Comedy,11800000,10538459750,10287,Entertainment,2015-01-01
946,947,P!NK,11800000,7548976997,19,Music,2006-01-01
947,948,Wild 'N Out,11800000,4615066353,1357,Entertainment,2006-01-01
948,949,Koo Koo TV - Hindi,11800000,4366561548,1033,Education,2017-01-01
949,950,LipaoGamer,11800000,4011244826,11248,Gaming,2011-01-01
950,951,MrGear,11800000,3263435380,840,Science & Technology,2015-01-01
951,952,TWO SIDE GAMERS,11800000,2064926551,1873,Music,2018-01-01
952,953,TommyInnit,11800000,1680228521,305,Gaming,2015-01-01
953,954,Naz | ناز,11800000,2013778695,917,People & Blogs,2016-01-01
954,955,FrontaL Gaming,11800000,268739666,157,Gaming,2015-01-01
955,956,Halsey,11700000,4654677099,52,Music,2014-01-01
956,957,Kendrick Lamar,11700000,5254014931,22,People & Blogs,2018-01-01
957,958,Lil Wayne,11700000,5741869232,263,Music,2013-01-01
958,959,الجانب المُشرق | Bright Side Arabic,11700000,1686312058,5338,Howto & Style,2018-01-01
959,960,Garena Free Fire LATAM,11700000,1659725078,1670,People & Blogs,2018-01-01
960,961,POCOYÓ en ESPAÑOL - Canal Oficial,11700000,8759719169,1630,Film & Animation,2007-01-01
961,962,Chetan Monga Vlogs,11700000,8253741205,798,People & Blogs,2014-01-01
962,963,elcarteldesantatv,11700000,6698448077,344,Music,2008-01-01
963,964,BBC Earth,11700000,4212409776,2338,Pets & Animals,2009-01-01
964,965,SBT,11700000,3455406720,25943,Comedy,2008-01-01
965,966,Tfue,11700000,1488520716,833,Gaming,2014-01-01
966,967,Yoga With Adriene,11700000,1267465262,674,Howto & Style,2012-01-01
967,968,Dani Russo Tv,11700000,611866406,277,Comedy,2014-01-01
968,969,Free Fire India Official,11700000,1486885351,1268,People & Blogs,2018-01-01
969,970,Noman Official,11600000,4775297096,439,Comedy,2019-01-01
970,971,BIBO и Игрушки,11600000,1046651653,169,Entertainment,2019-01-01
972,973,Mundo Bita,11600000,15080936964,195,Music,2011-01-01
973,974,Salman Noman,11600000,8002520517,548,Entertainment,2013-01-01
974,975,Single Track Studio,11600000,4692757292,1726,Entertainment,2010-01-01
975,976,Stray Kids,11600000,2599025008,709,People & Blogs,2017-01-01
976,977,Gustavo Paródias,11600000,2187032139,690,Comedy,2014-01-01
977,978,CrazyRussianHacker,11600000,3208363861,2187,Science & Technology,2012-01-01
978,979,Biper y sus Amigos,11600000,5200224730,148,Music,2012-01-01
979,980,CarryisLive,11600000,1449647680,947,Gaming,2017-01-01
980,981,Airrack,11500000,1542774923,159,Entertainment,2015-01-01
981,982,Vy Qwaint,11500000,5652341273,559,Howto & Style,2014-01-01
982,983,Toys Make Me Smile,11500000,4830020688,102,Entertainment,2015-01-01
983,984,ZutiGang,11500000,12712546262,1075,People & Blogs,2021-01-01
984,985,Flamingo,11500000,9569061994,2324,Gaming,2017-01-01
985,986,Brancoala,11500000,8465443935,1768,Entertainment,2008-01-01
986,987,Annoying Orange,11500000,8058549344,1948,Shows,2010-01-01
987,988,Zee Kids,11500000,7017537235,1015,Film & Animation,2012-01-01
988,989,ARY News,11500000,5765943823,67453,News & Politics,2013-01-01
989,990,Star Casablanca | نجوم الدار البيضاء,11500000,5338043398,1030,Music,2015-01-01
990,991,Maymo,11500000,5050463518,512,Pets & Animals,2006-01-01
991,992,설기양SULGI,11500000,2971992503,597,People & Blogs,2012-01-01
992,993,The Film Theorists,11500000,2415688324,382,Film & Animation,2014-01-01
993,994,ToysPlay,11500000,7254635746,431,Entertainment,2015-01-01
994,995,Morgz,11500000,2780058418,775,Gaming,2014-01-01
995,996,XO TEAM,11500000,11471384709,2679,People & Blogs,2021-01-01
996,997,Nirahua Music World,11500000,5997717755,788,Music,2014-01-01
997,998,YtCrash,11400000,3825084,1,Education,2015-01-01
998,999,Painzeiro,11400000,2143444281,946,People & Blogs,2015-01-01
999,1000,Oum Walid,11400000,2480064722,1598,People & Blogs,2015-01-01
106,107,Vlad và Niki,33900000,21008932630,457,Others,2018-01-01
166,167,व्लाद और निकिता,28700000,17107973877,478,Others,2018-01-01
219,220,Super JoJo - Nursery Rhymes & Kids Songs,24400000,1459730,8,Others,2019-01-01
220,221,D Billions,24400000,27800456761,590,Others,2019-01-01
254,255,Diana and Roma ARA,23000000,10504290129,544,Others,2019-01-01
294,295,Vlad and Niki Arabic,21100000,9910020745,471,Others,2018-01-01
317,318,BETER BÖCÜK,20300000,11558534734,1772,Others,2012-01-01
372,373,Vlad and Niki IDN,19100000,9000927897,444,Others,2018-01-01
431,432,Vlad and Niki ESP,17900000,6840934495,461,Others,2018-01-01
457,458,Smile Family Spanish,17400000,6613190306,391,Others,2019-01-01
459,460,Jane ASMR 제인,17300000,6926201406,1719,Others,2012-01-01
481,482,Busy Fun Ltd,16900000,6712353097,176,Others,2019-01-01
518,519,Ivana Alawi,16200000,1236540816,162,Others,2018-01-01
607,608,Vlad and Niki ARA,14800000,6904116984,456,Others,2019-01-01
830,831,Wolfoo Channel,12800000,3384474222,623,Others,2019-01-01
835,836,Влад и Никита,12700000,7751585555,449,Others,2018-01-01
848,849,WiederDude,12500000,2454705246,281,Others,2016-01-01
875,876,Wolfoo Family,12400000,3120045865,631,Others,2019-01-01
876,877,Eli Kids - Cartoons & Songs,12300000,3715871927,457,Others,2018-01-01
904,905,Heidi y Zidane,12100000,5772331296,531,Others,2019-01-01
908,909,Panda,12100000,2084417860,1444,Others,2018-01-01
914,915,Diana and Roma IND,12000000,5236195681,487,Others,2019-01-01
931,932,KaKa Kids TV - Nursery Rhymes Kids Animated Songs,11900000,4185234779,331,Others,2013-01-01
